model,mae,rmse,coverage,n_predictions
Content-Based,1.2728761110128255,1.557399017926445,100.0,12811
Collaborative Filtering,0.8036231319463553,1.0761191855754082,9.404363101560586,1151
Hybrid (alpha=0.3),2.0771726442008505,2.2954651666069137,100.0,12811
Hybrid (alpha=0.5),1.797175651990248,2.0293837411584033,100.0,12811
Hybrid (alpha=0.7),1.546151703627857,1.799517873007734,100.0,12811
