method,target_item,num_peers,n_components,MAE,RMSE,cov_runtime_s,cov_peak_mem_mb
PCA_MLE,296,5,3,0.5196312480941578,0.6969968718449506,283.04094791412354,6.206077575683594
PCA_MLE,296,10,3,0.4244309393281761,0.545065269521588,283.04094791412354,6.206077575683594
