method,target_item,num_peers,n_components,MAE,RMSE,cov_runtime_s,cov_peak_mem_mb
PCA_MeanFill,296,5,3,0.46479906392876924,0.6306225225292766,0.01011204719543457,14.665843963623047
PCA_MeanFill,296,10,3,0.4743139518377278,0.6833055493714987,0.01011204719543457,14.665843963623047
